alpha,amp,Qmin_over_Qmean,R,OSI,rho,field_eps,err_TAWSS,err_R,err_OSI,err_RRT,smooth_err_RRT
2,0.3,0.928005,1,0,0.01,0.0140968,0.00108952,0,nan,0.00108716,3.33067e-16
2,0.3,0.928005,1,0,0.02,0.0279064,0.00214343,0,nan,0.00213428,3.33067e-16
2,0.3,0.928005,1,0,0.05,0.0651392,0.0049774,0,nan,0.00492687,3.33067e-16
2,0.4,0.904007,1,0,0.01,0.0187109,0.00145269,0,nan,0.0014485,0
2,0.4,0.904007,1,0,0.02,0.0370407,0.0028579,0,nan,0.00284168,0
2,0.4,0.904007,1,0,0.05,0.0864605,0.00663653,0,nan,0.00654722,0
2,0.5,0.880008,1,0,0.01,0.0232545,0.00181586,0,nan,0.00180933,0
2,0.5,0.880008,1,0,0.02,0.0460353,0.00357238,0,nan,0.00354709,0
2,0.5,0.880008,1,0,0.05,0.107456,0.00829566,0,nan,0.00815692,0
2,0.6,0.85601,1,0,0.01,0.0277123,0.00217904,0,nan,0.00216964,2.22045e-16
2,0.6,0.85601,1,0,0.02,0.0548602,0.00428686,0,nan,0.00425053,2.22045e-16
2,0.6,0.85601,1,0,0.05,0.128055,0.0099548,0,nan,0.00975616,2.22045e-16
2,0.7,0.832011,1,0,0.01,0.0320708,0.00254221,0,nan,0.00252943,2.22045e-16
2,0.7,0.832011,1,0,0.02,0.0634884,0.00500133,0,nan,0.00495202,2.22045e-16
2,0.7,0.832011,1,0,0.05,0.148195,0.0116139,0,nan,0.0113451,2.22045e-16
2,0.8,0.808013,1,0,0.01,0.0363179,0.00290538,0,nan,0.00288872,0
2,0.8,0.808013,1,0,0.02,0.0718961,0.00571581,0,nan,0.00565157,0
2,0.8,0.808013,1,0,0.05,0.16782,0.0132731,0,nan,0.012924,0
2,0.9,0.784015,1,0,0.01,0.0404435,0.00326855,0,nan,0.00324749,0
2,0.9,0.784015,1,0,0.02,0.0800632,0.00643028,0,nan,0.00634919,0
2,0.9,0.784015,1,0,0.05,0.186884,0.0149322,0,nan,0.0144929,0
2,1,0.760016,1,0,0.01,0.0444391,0.00363173,0,nan,0.00360576,3.33067e-16
2,1,0.760016,1,0,0.02,0.087973,0.00714476,0,nan,0.0070449,3.33067e-16
2,1,0.760016,1,0,0.05,0.205347,0.0165913,0,nan,0.016052,3.33067e-16
2,1.1,0.736018,1,0,0.01,0.0482981,0.0039949,0,nan,0.00396352,0
2,1.1,0.736018,1,0,0.02,0.0956123,0.00785924,0,nan,0.00773871,0
2,1.1,0.736018,1,0,0.05,0.223179,0.0182505,0,nan,0.0176016,0
2,1.2,0.71202,1,0,0.01,0.0520155,0.00435807,0,nan,0.00432078,0
2,1.2,0.71202,1,0,0.02,0.102972,0.00857371,0,nan,0.00843065,0
2,1.2,0.71202,1,0,0.05,0.240357,0.0199096,0,nan,0.0191418,0
2,1.3,0.688021,1,0,0.01,0.0555883,0.00472124,0,nan,0.00467753,2.22045e-16
2,1.3,0.688021,1,0,0.02,0.110044,0.00928819,0,nan,0.00912072,2.22045e-16
2,1.3,0.688021,1,0,0.05,0.256866,0.0215687,0,nan,0.0206726,2.22045e-16
2,1.4,0.664023,1,0,0.01,0.0590145,0.00508442,0,nan,0.00503379,0
2,1.4,0.664023,1,0,0.02,0.116827,0.0100027,0,nan,0.00980893,0
2,1.4,0.664023,1,0,0.05,0.272698,0.0232279,0,nan,0.0221944,0
2,1.5,0.640025,1,0,0.01,0.0622937,0.00544759,0,nan,0.00538955,0
2,1.5,0.640025,1,0,0.02,0.123319,0.0107171,0,nan,0.0104953,0
2,1.5,0.640025,1,0,0.05,0.287851,0.024887,0,nan,0.0237073,0
2,1.6,0.616026,1,0,0.01,0.0654269,0.00581076,0,nan,0.00574481,0
2,1.6,0.616026,1,0,0.02,0.129521,0.0114316,0,nan,0.0111799,0
2,1.6,0.616026,1,0,0.05,0.302328,0.0265461,0,nan,0.0252113,0
2,1.7,0.592028,1,0,0.01,0.0684158,0.00617393,0,nan,0.00609958,2.22045e-16
2,1.7,0.592028,1,0,0.02,0.135438,0.0121461,0,nan,0.0118626,2.22045e-16
2,1.7,0.592028,1,0,0.05,0.31614,0.0282053,0,nan,0.0267068,2.22045e-16
2,1.8,0.56803,1,0,0.01,0.0712631,0.00653711,0,nan,0.00645385,2.22045e-16
2,1.8,0.56803,1,0,0.02,0.141075,0.0128606,0,nan,0.0125436,2.22045e-16
2,1.8,0.56803,1,0,0.05,0.329297,0.0298644,0,nan,0.0281937,2.22045e-16
2,1.9,0.544031,1,0,0.01,0.0739724,0.00690028,0,nan,0.00680764,2.22045e-16
2,1.9,0.544031,1,0,0.02,0.146438,0.013575,0,nan,0.0132227,2.22045e-16
2,1.9,0.544031,1,0,0.05,0.341816,0.0315235,0,nan,0.0296723,2.22045e-16
2,2,0.520033,0.998882,0.000558874,0.01,0.0765475,0.00751438,0.00100374,0.897,0.00716094,2.22045e-16
2,2,0.520033,0.998882,0.000558874,0.02,0.151536,0.0143237,0.00104238,0.931526,0.0139001,2.22045e-16
2,2,0.520033,0.998882,0.000558874,0.05,0.353715,0.0329691,0.000993326,0.887692,0.0311427,2.22045e-16
2,2.1,0.496034,0.996339,0.00183075,0.01,0.0789931,0.00871883,0.00275564,0.749843,0.00751375,2.22045e-16
2,2.1,0.496034,0.996339,0.00183075,0.02,0.156377,0.0157354,0.00293121,0.797618,0.0145758,2.22045e-16
2,2.1,0.496034,0.996339,0.00183075,0.05,0.365016,0.0342376,0.00279215,0.759779,0.0326051,2.22045e-16
2,2.2,0.472036,0.993808,0.00309616,0.01,0.081314,0.00965486,0.00392909,0.630582,0.00786608,0
2,2.2,0.472036,0.993808,0.00309616,0.02,0.160972,0.0170013,0.00430026,0.690151,0.0152497,0
2,2.2,0.472036,0.993808,0.00309616,0.05,0.37574,0.0357396,0.00418995,0.672447,0.0340595,0
2,2.3,0.448038,0.99129,0.00435516,0.01,0.0835151,0.0102761,0.00456225,0.519214,0.00821793,0
2,2.3,0.448038,0.99129,0.00435516,0.02,0.165329,0.018025,0.00521423,0.593413,0.0159219,0
2,2.3,0.448038,0.99129,0.00435516,0.05,0.385911,0.0373018,0.00520527,0.592393,0.0355062,0
2,2.4,0.424039,0.988784,0.00560779,0.01,0.0856016,0.010712,0.00476737,0.420299,0.0085693,2.22045e-16
2,2.4,0.424039,0.988784,0.00560779,0.02,0.16946,0.0187893,0.00565697,0.498728,0.0165924,2.22045e-16
2,2.4,0.424039,0.988784,0.00560779,0.05,0.395553,0.0388006,0.00588188,0.518557,0.0369452,2.22045e-16
2,2.5,0.400041,0.986292,0.00685411,0.01,0.0875789,0.0110041,0.00481462,0.346407,0.00892019,2.22045e-16
2,2.5,0.400041,0.986292,0.00685411,0.02,0.173374,0.0193318,0.00570143,0.410212,0.0172612,2.22045e-16
2,2.5,0.400041,0.986292,0.00685411,0.05,0.40469,0.0402056,0.0062423,0.449127,0.0383767,2.22045e-16
2,2.6,0.376043,0.983812,0.00809416,0.01,0.089452,0.0111768,0.00457806,0.278222,0.0092706,0
2,2.6,0.376043,0.983812,0.00809416,0.02,0.177082,0.0197159,0.00551468,0.335143,0.0179283,0
2,2.6,0.376043,0.983812,0.00809416,0.05,0.413345,0.041538,0.00638734,0.388177,0.0398009,0
2,2.7,0.352044,0.981344,0.00932799,0.01,0.0912263,0.0112335,0.00418414,0.220094,0.00962054,2.22045e-16
2,2.7,0.352044,0.981344,0.00932799,0.02,0.180594,0.0199977,0.0052336,0.275298,0.0185937,2.22045e-16
2,2.7,0.352044,0.981344,0.00932799,0.05,0.421544,0.0428549,0.00648671,0.341215,0.0412178,2.22045e-16
2,2.8,0.328046,0.978889,0.0105556,0.01,0.0929068,0.0112238,0.00371926,0.172455,0.00997001,2.22045e-16
2,2.8,0.328046,0.978889,0.0105556,0.02,0.183921,0.020205,0.00494733,0.229398,0.0192574,2.22045e-16
2,2.8,0.328046,0.978889,0.0105556,0.05,0.429309,0.0441514,0.00660501,0.306261,0.0426276,2.22045e-16
2,2.9,0.304048,0.976446,0.0117772,0.01,0.0944983,0.0111865,0.00328136,0.136029,0.010319,2.22045e-16
2,2.9,0.304048,0.976446,0.0117772,0.02,0.187072,0.0203822,0.0047698,0.197732,0.0199196,2.22045e-16
2,2.9,0.304048,0.976446,0.0117772,0.05,0.436664,0.0455035,0.00674415,0.279579,0.0440303,2.22045e-16
2,3,0.280049,0.974015,0.0129926,0.01,0.0960058,0.0111515,0.00299057,0.112097,0.0106675,0
2,3,0.280049,0.974015,0.0129926,0.02,0.190056,0.0205537,0.00476984,0.17879,0.02058,0
2,3,0.280049,0.974015,0.0129926,0.05,0.44363,0.0468619,0.00702772,0.263423,0.0454262,0
4,0.3,0.928005,1,0,0.01,0.0246373,0.00171866,0,nan,0.00171424,0
4,0.3,0.928005,1,0,0.02,0.0487482,0.00337545,0,nan,0.00335826,0
4,0.3,0.928005,1,0,0.05,0.113395,0.00774604,0,nan,0.00764725,0
4,0.4,0.904007,1,0,0.01,0.032493,0.00229154,0,nan,0.00228371,0
4,0.4,0.904007,1,0,0.02,0.0642918,0.0045006,0,nan,0.00447021,0
4,0.4,0.904007,1,0,0.05,0.149552,0.0103281,0,nan,0.0101545,0
4,0.5,0.880008,1,0,0.01,0.0400637,0.00286443,0,nan,0.00285223,2.22045e-16
4,0.5,0.880008,1,0,0.02,0.0792716,0.00562575,0,nan,0.00557853,2.22045e-16
4,0.5,0.880008,1,0,0.05,0.184397,0.0129101,0,nan,0.012642,2.22045e-16
4,0.6,0.85601,1,0,0.01,0.0473017,0.00343732,0,nan,0.0034198,0
4,0.6,0.85601,1,0,0.02,0.093593,0.00675091,0,nan,0.0066833,0
4,0.6,0.85601,1,0,0.05,0.217711,0.0154921,0,nan,0.0151105,0
4,0.7,0.832011,1,0,0.01,0.0541714,0.0040102,0,nan,0.00398644,0
4,0.7,0.832011,1,0,0.02,0.107186,0.00787606,0,nan,0.00778456,0
4,0.7,0.832011,1,0,0.05,0.249329,0.0180741,0,nan,0.0175608,0
4,0.8,0.808013,1,0,0.01,0.0606494,0.00458309,0,nan,0.00455214,2.22045e-16
4,0.8,0.808013,1,0,0.02,0.120003,0.00900121,0,nan,0.00888239,2.22045e-16
4,0.8,0.808013,1,0,0.05,0.279145,0.0206561,0,nan,0.0199934,2.22045e-16
4,0.9,0.784015,0.996109,0.00194551,0.01,0.0667233,0.00634094,0.00300277,0.768716,0.00511692,0
4,0.9,0.784015,0.996109,0.00194551,0.02,0.132021,0.00974118,0.00254332,0.651097,0.00997684,0
4,0.9,0.784015,0.996109,0.00194551,0.05,0.307101,0.0218643,0.00253261,0.648354,0.0224092,0
4,1,0.760016,0.990201,0.00489941,0.01,0.0723906,0.00638761,0.00290622,0.293682,0.00568079,2.22045e-16
4,1,0.760016,0.990201,0.00489941,0.02,0.143235,0.0104574,0.00302279,0.305462,0.011068,2.22045e-16
4,1,0.760016,0.990201,0.00489941,0.05,0.333185,0.0237216,0.00362664,0.366483,0.0248087,2.22045e-16
4,1.1,0.736018,0.984363,0.00781849,0.01,0.0776565,0.00534406,0.00244326,0.153806,0.00624375,0
4,1.1,0.736018,0.984363,0.00781849,0.02,0.153654,0.0111454,0.00319579,0.201178,0.0121559,0
4,1.1,0.736018,0.984363,0.00781849,0.05,0.357422,0.0267139,0.00417892,0.263067,0.0271926,0
4,1.2,0.71202,0.976734,0.0116332,0.01,0.082533,0.00655694,0.004389,0.184253,0.00680582,0
4,1.2,0.71202,0.976734,0.0116332,0.02,0.163303,0.0128621,0.00428944,0.180073,0.0132406,0
4,1.2,0.71202,0.976734,0.0116332,0.05,0.379866,0.0295156,0.005315,0.223127,0.0295615,0
4,1.3,0.688021,0.966988,0.016506,0.01,0.0870366,0.00703248,0.00473624,0.138734,0.007367,2.22045e-16
4,1.3,0.688021,0.966988,0.016506,0.02,0.172214,0.0142074,0.00495276,0.145076,0.0143221,2.22045e-16
4,1.3,0.688021,0.966988,0.016506,0.05,0.400594,0.0319783,0.00673552,0.197297,0.0319161,2.22045e-16
4,1.4,0.664023,0.957435,0.0212825,0.01,0.0911868,0.00749862,0.00508205,0.114313,0.0079273,2.22045e-16
4,1.4,0.664023,0.957435,0.0212825,0.02,0.180426,0.015483,0.00587883,0.132235,0.0154006,2.22045e-16
4,1.4,0.664023,0.957435,0.0212825,0.05,0.419696,0.0343099,0.00892722,0.200804,0.034257,2.22045e-16
4,1.5,0.640025,0.948069,0.0259656,0.01,0.0950055,0.00795564,0.00542667,0.0990707,0.00848673,3.33067e-16
4,1.5,0.640025,0.948069,0.0259656,0.02,0.187981,0.0166023,0.00671319,0.122558,0.0164761,3.33067e-16
4,1.5,0.640025,0.948069,0.0259656,0.05,0.437272,0.0364867,0.0113276,0.2068,0.0365848,3.33067e-16
4,1.6,0.616026,0.938884,0.0305579,0.01,0.0985152,0.0084038,0.0057703,0.0886455,0.0090453,2.22045e-16
4,1.6,0.616026,0.938884,0.0305579,0.02,0.194926,0.0176167,0.00730862,0.112278,0.0175486,2.22045e-16
4,1.6,0.616026,0.938884,0.0305579,0.05,0.453426,0.0385261,0.0134805,0.207093,0.0389001,2.22045e-16
4,1.7,0.592028,0.929876,0.0350621,0.01,0.101739,0.00884337,0.00611315,0.0810629,0.00960301,0
4,1.7,0.592028,0.929876,0.0350621,0.02,0.201304,0.0184145,0.00798537,0.105889,0.0186183,0
4,1.7,0.592028,0.929876,0.0350621,0.05,0.468262,0.0404809,0.015416,0.204423,0.0412034,0
4,1.8,0.56803,0.921039,0.0394807,0.01,0.104698,0.00927458,0.00645541,0.0752986,0.0101599,2.22045e-16
4,1.8,0.56803,0.921039,0.0394807,0.02,0.20716,0.0191041,0.00862889,0.100651,0.0196851,2.22045e-16
4,1.8,0.56803,0.921039,0.0394807,0.05,0.481884,0.0423676,0.0171669,0.200242,0.0434954,2.22045e-16
4,1.9,0.544031,0.912368,0.0438161,0.01,0.107416,0.00969767,0.00679725,0.0707684,0.0107159,2.22045e-16
4,1.9,0.544031,0.912368,0.0438161,0.02,0.212537,0.0197972,0.0092184,0.0959757,0.0207491,2.22045e-16
4,1.9,0.544031,0.912368,0.0438161,0.05,0.494391,0.0441697,0.0187435,0.195144,0.0457767,2.22045e-16
4,2,0.520033,0.903859,0.0480706,0.01,0.109911,0.0101129,0.00713884,0.0671148,0.0112711,2.22045e-16
4,2,0.520033,0.903859,0.0480706,0.02,0.217474,0.0204687,0.00980029,0.0921361,0.0218104,2.22045e-16
4,2,0.520033,0.903859,0.0480706,0.05,0.505877,0.0459163,0.0202834,0.190692,0.0480477,2.22045e-16
4,2.1,0.496034,0.895507,0.0522466,0.01,0.112204,0.0105204,0.00748031,0.0641063,0.0118255,0
4,2.1,0.496034,0.895507,0.0522466,0.02,0.222011,0.0211009,0.0104078,0.0891948,0.0228691,0
4,2.1,0.496034,0.895507,0.0522466,0.05,0.516429,0.0475953,0.0218005,0.18683,0.0503091,0
4,2.2,0.472036,0.887308,0.056346,0.01,0.114312,0.0109205,0.00782182,0.061587,0.012379,2.22045e-16
4,2.2,0.472036,0.887308,0.056346,0.02,0.226182,0.0217031,0.0110589,0.087075,0.0239251,2.22045e-16
4,2.2,0.472036,0.887308,0.056346,0.05,0.526131,0.0492143,0.023384,0.18412,0.0525613,2.22045e-16
4,2.3,0.448038,0.879258,0.0603711,0.01,0.116251,0.0113133,0.00816348,0.0594474,0.0129318,4.44089e-16
4,2.3,0.448038,0.879258,0.0603711,0.02,0.230019,0.0222883,0.0117619,0.0856514,0.0249786,4.44089e-16
4,2.3,0.448038,0.879258,0.0603711,0.05,0.535057,0.0508105,0.0250905,0.182712,0.0548051,4.44089e-16
4,2.4,0.424039,0.871353,0.0643237,0.01,0.118037,0.011699,0.00850542,0.0576088,0.0134837,4.44089e-16
4,2.4,0.424039,0.871353,0.0643237,0.02,0.233552,0.0228696,0.0125179,0.084786,0.0260296,4.44089e-16
4,2.4,0.424039,0.871353,0.0643237,0.05,0.543277,0.0523773,0.0268146,0.18162,0.0570408,4.44089e-16
4,2.5,0.400041,0.862381,0.0688093,0.01,0.119683,0.0113351,0.00795207,0.0498313,0.0140349,2.22045e-16
4,2.5,0.400041,0.862381,0.0688093,0.02,0.23681,0.0231569,0.0129369,0.0810687,0.0270781,2.22045e-16
4,2.5,0.400041,0.862381,0.0688093,0.05,0.550853,0.0537198,0.0283862,0.177881,0.059269,2.22045e-16
4,2.6,0.376043,0.853269,0.0733654,0.01,0.121202,0.0109209,0.00753976,0.0438452,0.0145853,2.22045e-16
4,2.6,0.376043,0.853269,0.0733654,0.02,0.239815,0.0234224,0.013525,0.0786505,0.0281243,2.22045e-16
4,2.6,0.376043,0.853269,0.0733654,0.05,0.557845,0.0550161,0.0299746,0.174308,0.0614903,2.22045e-16
4,2.7,0.352044,0.844348,0.0778262,0.01,0.122605,0.0107435,0.00739907,0.0401368,0.0151349,0
4,2.7,0.352044,0.844348,0.0778262,0.02,0.242592,0.0237536,0.0143702,0.0779525,0.0291682,0
4,2.7,0.352044,0.844348,0.0778262,0.05,0.564304,0.0563182,0.031618,0.171514,0.0637051,0
4,2.8,0.328046,0.835285,0.0823575,0.01,0.123903,0.0109301,0.00745701,0.0378152,0.0156837,0
4,2.8,0.328046,0.835285,0.0823575,0.02,0.24516,0.0241628,0.0154082,0.0781366,0.0302097,0
4,2.8,0.328046,0.835285,0.0823575,0.05,0.570277,0.0574639,0.0333296,0.169017,0.0659141,0
4,2.9,0.304048,0.825504,0.0872482,0.01,0.125105,0.0112199,0.00782121,0.0370004,0.0162318,0
4,2.9,0.304048,0.825504,0.0872482,0.02,0.247538,0.0244373,0.0164196,0.0776775,0.0312491,0
4,2.9,0.304048,0.825504,0.0872482,0.05,0.575808,0.0587868,0.0351826,0.166441,0.0681176,0
4,3,0.280049,0.815039,0.0924804,0.01,0.126219,0.0117982,0.0081352,0.0358482,0.0167792,0
4,3,0.280049,0.815039,0.0924804,0.02,0.249742,0.0248125,0.0175227,0.0772149,0.0322863,0
4,3,0.280049,0.815039,0.0924804,0.05,0.580936,0.0598759,0.0370352,0.163197,0.0703163,0
8,0.3,0.928005,1,0,0.01,0.0449666,0.00316742,0,nan,0.00315578,0
8,0.3,0.928005,1,0,0.02,0.0889579,0.00621831,0,nan,0.00617323,0
8,0.3,0.928005,1,0,0.05,0.2067,0.0142293,0,nan,0.0139666,0
8,0.4,0.904007,1,0,0.01,0.0579581,0.00422323,0,nan,0.00420268,2.22045e-16
8,0.4,0.904007,1,0,0.02,0.114659,0.00817272,0.000460275,nan,0.00821204,2.22045e-16
8,0.4,0.904007,1,0,0.05,0.266419,0.018921,0.000431599,nan,0.0185178,2.22045e-16
8,0.5,0.880008,0.989541,0.00522974,0.01,0.0695763,0.0045959,0.00176352,0.166841,0.00524715,0
8,0.5,0.880008,0.989541,0.00522974,0.02,0.137644,0.00926225,0.00279263,0.264202,0.0102421,0
8,0.5,0.880008,0.989541,0.00522974,0.05,0.319825,0.0221197,0.00333336,0.315359,0.0230245,0
8,0.6,0.85601,0.969884,0.0150578,0.01,0.0797892,0.00570907,0.0028038,0.0902976,0.00628926,2.22045e-16
8,0.6,0.85601,0.969884,0.0150578,0.02,0.157848,0.012586,0.00410872,0.132323,0.0122637,2.22045e-16
8,0.6,0.85601,0.969884,0.0150578,0.05,0.366771,0.026754,0.00633735,0.204097,0.0274909,2.22045e-16
8,0.7,0.832011,0.949765,0.0251177,0.01,0.088655,0.00652241,0.00327295,0.0618794,0.00732906,0
8,0.7,0.832011,0.949765,0.0251177,0.02,0.175387,0.015621,0.00731391,0.138279,0.0142773,0
8,0.7,0.832011,0.949765,0.0251177,0.05,0.407525,0.0308987,0.0118315,0.223689,0.0319213,0
8,0.8,0.808013,0.930463,0.0347687,0.01,0.0962873,0.0073027,0.00374861,0.0501593,0.00836659,0
8,0.8,0.808013,0.930463,0.0347687,0.02,0.190486,0.0171494,0.00885012,0.118421,0.0162834,0
8,0.8,0.808013,0.930463,0.0347687,0.05,0.442609,0.0344847,0.0159672,0.213654,0.0363199,0
8,0.9,0.784015,0.91193,0.0440352,0.01,0.102826,0.00805189,0.00423212,0.0438217,0.00940192,4.44089e-16
8,0.9,0.784015,0.91193,0.0440352,0.02,0.203421,0.0178047,0.00942589,0.0976008,0.0182822,4.44089e-16
8,0.9,0.784015,0.91193,0.0440352,0.05,0.472664,0.0373999,0.0192342,0.199161,0.0406907,4.44089e-16
8,1,0.760016,0.89412,0.0529398,0.01,0.108414,0.00877183,0.00472451,0.039897,0.0104351,2.22045e-16
8,1,0.760016,0.89412,0.0529398,0.02,0.214477,0.0183654,0.010361,0.087495,0.0202743,2.22045e-16
8,1,0.760016,0.89412,0.0529398,0.05,0.498353,0.0400743,0.0223342,0.188605,0.0450378,2.22045e-16
8,1.1,0.736018,0.876993,0.0615033,0.01,0.11319,0.00946419,0.00522658,0.0372636,0.0114662,4.44089e-16
8,1.1,0.736018,0.876993,0.0615033,0.02,0.223926,0.0190078,0.0117721,0.083931,0.0222599,4.44089e-16
8,1.1,0.736018,0.876993,0.0615033,0.05,0.520308,0.0426284,0.0255836,0.182402,0.0493652,4.44089e-16
8,1.2,0.71202,0.86051,0.0697449,0.01,0.117278,0.0101305,0.00573889,0.0354031,0.0124952,0
8,1.2,0.71202,0.86051,0.0697449,0.02,0.232012,0.019789,0.0135836,0.0837968,0.0242394,0
8,1.2,0.71202,0.86051,0.0697449,0.05,0.539097,0.0451249,0.0292147,0.180225,0.0536768,0
8,1.3,0.688021,0.842115,0.0789426,0.01,0.120784,0.0100527,0.00562933,0.0300253,0.0135223,0
8,1.3,0.688021,0.842115,0.0789426,0.02,0.238949,0.020114,0.0152091,0.0811213,0.0262133,0
8,1.3,0.688021,0.842115,0.0789426,0.05,0.555216,0.0472052,0.0326779,0.174294,0.0579765,0
8,1.4,0.664023,0.823114,0.0884432,0.01,0.123802,0.010792,0.00687262,0.0319807,0.0145474,0
8,1.4,0.664023,0.823114,0.0884432,0.02,0.24492,0.0206045,0.0175086,0.0814738,0.0281819,0
8,1.4,0.664023,0.823114,0.0884432,0.05,0.569089,0.0491351,0.0362767,0.168808,0.0622683,0
8,1.5,0.640025,0.801214,0.099393,0.01,0.126409,0.0124838,0.00866993,0.0349444,0.0155706,0
8,1.5,0.640025,0.801214,0.099393,0.02,0.250077,0.0213052,0.0201145,0.0810721,0.0301456,0
8,1.5,0.640025,0.801214,0.099393,0.05,0.581071,0.0504668,0.0403239,0.162527,0.0665559,0
8,1.6,0.616026,0.779098,0.110451,0.01,0.12867,0.0150258,0.0116891,0.0412261,0.0165919,5.55112e-16
8,1.6,0.616026,0.779098,0.110451,0.02,0.254549,0.0217036,0.0229331,0.0808826,0.0321047,5.55112e-16
8,1.6,0.616026,0.779098,0.110451,0.05,0.591462,0.0514742,0.044134,0.155656,0.0708434,5.55112e-16
8,1.7,0.592028,0.757572,0.121214,0.01,0.130638,0.0173698,0.0143796,0.0449352,0.0176115,0
8,1.7,0.592028,0.757572,0.121214,0.02,0.258443,0.0227808,0.0257884,0.080587,0.0340597,0
8,1.7,0.592028,0.757572,0.121214,0.05,0.60051,0.0526362,0.0481203,0.150373,0.0751346,0
8,1.8,0.56803,0.737203,0.131398,0.01,0.132359,0.0185457,0.0159895,0.0448542,0.0186294,2.22045e-16
8,1.8,0.56803,0.737203,0.131398,0.02,0.261847,0.0235888,0.0280492,0.0786843,0.0360109,2.22045e-16
8,1.8,0.56803,0.737203,0.131398,0.05,0.608421,0.0538294,0.0523307,0.146799,0.0794334,2.22045e-16
8,1.9,0.544031,0.717901,0.141049,0.01,0.13387,0.0192116,0.0170862,0.043482,0.0196456,3.33067e-16
8,1.9,0.544031,0.717901,0.141049,0.02,0.264836,0.0240258,0.029935,0.0761804,0.0379586,3.33067e-16
8,1.9,0.544031,0.717901,0.141049,0.05,0.615365,0.0552567,0.0565027,0.143791,0.0837439,3.33067e-16
8,2,0.520033,0.699585,0.150208,0.01,0.135201,0.0194745,0.0178329,0.041528,0.0206601,3.33067e-16
8,2,0.520033,0.699585,0.150208,0.02,0.26747,0.0246198,0.0316702,0.0737511,0.0399033,3.33067e-16
8,2,0.520033,0.699585,0.150208,0.05,0.621487,0.0566475,0.060616,0.141158,0.08807,3.33067e-16
8,2.1,0.496034,0.681896,0.159052,0.01,0.13638,0.019758,0.0186352,0.039947,0.0216731,0
8,2.1,0.496034,0.681896,0.159052,0.02,0.269802,0.0253783,0.0334002,0.0715976,0.0418453,0
8,2.1,0.496034,0.681896,0.159052,0.05,0.626903,0.0578621,0.064694,0.13868,0.0924158,0
8,2.2,0.472036,0.664284,0.167858,0.01,0.137426,0.0206872,0.0198602,0.0392975,0.0226845,0
8,2.2,0.472036,0.664284,0.167858,0.02,0.271872,0.0262445,0.0355485,0.0703401,0.043785,0
8,2.2,0.472036,0.664284,0.167858,0.05,0.631715,0.0588852,0.0688313,0.136197,0.0967855,0
8,2.3,0.448038,0.647559,0.17622,0.01,0.138359,0.0213995,0.0207767,0.0381741,0.0236945,0
8,2.3,0.448038,0.647559,0.17622,0.02,0.273718,0.0273925,0.0377661,0.0693897,0.0457227,0
8,2.3,0.448038,0.647559,0.17622,0.05,0.636004,0.0597737,0.0729418,0.13402,0.101183,0
8,2.4,0.424039,0.63104,0.18448,0.01,0.139194,0.0220279,0.0218099,0.0373019,0.024703,0
8,2.4,0.424039,0.63104,0.18448,0.02,0.27537,0.0285165,0.0397909,0.0680553,0.0476588,0
8,2.4,0.424039,0.63104,0.18448,0.05,0.639841,0.0605555,0.0771847,0.132011,0.105614,0
8,2.5,0.400041,0.614398,0.192801,0.01,0.139943,0.022857,0.0231141,0.0368289,0.0257102,0
8,2.5,0.400041,0.614398,0.192801,0.02,0.276852,0.0293133,0.0418322,0.0666534,0.0495938,0
8,2.5,0.400041,0.614398,0.192801,0.05,0.643286,0.0613091,0.0813416,0.129606,0.110081,0
8,2.6,0.376043,0.597831,0.201084,0.01,0.140618,0.0234302,0.0241977,0.0359703,0.026716,3.33067e-16
8,2.6,0.376043,0.597831,0.201084,0.02,0.278187,0.0301053,0.0437809,0.0650811,0.0515278,3.33067e-16
8,2.6,0.376043,0.597831,0.201084,0.05,0.646387,0.0617874,0.0856517,0.127323,0.11459,3.33067e-16
8,2.7,0.352044,0.582134,0.208933,0.01,0.141228,0.023928,0.0252263,0.0351431,0.0277206,2.22045e-16
8,2.7,0.352044,0.582134,0.208933,0.02,0.279393,0.0306808,0.0456716,0.0636256,0.0534614,2.22045e-16
8,2.7,0.352044,0.582134,0.208933,0.05,0.649189,0.0623689,0.0899031,0.125245,0.119145,2.22045e-16
8,2.8,0.328046,0.56724,0.21638,0.01,0.14178,0.0243705,0.0262175,0.0343646,0.028724,0
8,2.8,0.328046,0.56724,0.21638,0.02,0.280485,0.0311864,0.0475445,0.062319,0.0553949,0
8,2.8,0.328046,0.56724,0.21638,0.05,0.651727,0.0629724,0.0940228,0.12324,0.123751,0
8,2.9,0.304048,0.552547,0.223727,0.01,0.142281,0.0250911,0.0276239,0.034112,0.0297261,0
8,2.9,0.304048,0.552547,0.223727,0.02,0.281477,0.0316906,0.0495555,0.0611946,0.0573286,0
8,2.9,0.304048,0.552547,0.223727,0.05,0.654032,0.0634676,0.0981649,0.121221,0.128413,0
8,3,0.280049,0.538535,0.230732,0.01,0.142738,0.025786,0.0288103,0.033622,0.0307272,0
8,3,0.280049,0.538535,0.230732,0.02,0.282381,0.0323036,0.0517079,0.0603438,0.059263,0
8,3,0.280049,0.538535,0.230732,0.05,0.656132,0.0638601,0.10232,0.119409,0.133136,0
12,0.3,0.928005,0.995651,0.00217446,0.01,0.0630131,0.00482065,0.00225327,0.515868,0.00460341,2.22045e-16
12,0.3,0.928005,0.995651,0.00217446,0.02,0.124653,0.00796432,0.0026603,0.609056,0.00899455,2.22045e-16
12,0.3,0.928005,0.995651,0.00217446,0.05,0.289535,0.0194087,0.00272276,0.623353,0.020264,2.22045e-16
12,0.4,0.904007,0.968617,0.0156914,0.01,0.0788411,0.005571,0.00245914,0.0759004,0.00612844,2.22045e-16
12,0.4,0.904007,0.968617,0.0156914,0.02,0.155964,0.0125689,0.00444998,0.137347,0.0119582,2.22045e-16
12,0.4,0.904007,0.968617,0.0156914,0.05,0.362261,0.0258384,0.00700984,0.216356,0.0268373,2.22045e-16
12,0.5,0.880008,0.938527,0.0307365,0.01,0.0917582,0.00674742,0.00308991,0.0471746,0.00764902,2.22045e-16
12,0.5,0.880008,0.938527,0.0307365,0.02,0.181516,0.0164006,0.00883566,0.134897,0.0149066,2.22045e-16
12,0.5,0.880008,0.938527,0.0307365,0.05,0.421613,0.0316522,0.0146161,0.223149,0.0333431,2.22045e-16
12,0.6,0.85601,0.91025,0.0448751,0.01,0.102116,0.00785295,0.00374171,0.0379486,0.00916534,2.22045e-16
12,0.6,0.85601,0.91025,0.0448751,0.02,0.202007,0.0172242,0.00967094,0.0980831,0.0178412,2.22045e-16
12,0.6,0.85601,0.91025,0.0448751,0.05,0.469206,0.0358242,0.0196682,0.199476,0.0397944,2.22045e-16
12,0.7,0.832011,0.883627,0.0581865,0.01,0.110359,0.00889382,0.00441814,0.0335472,0.0106776,0
12,0.7,0.832011,0.883627,0.0581865,0.02,0.218314,0.0178223,0.0112785,0.0856386,0.0207631,0
12,0.7,0.832011,0.883627,0.0581865,0.05,0.507083,0.0394295,0.0243704,0.185046,0.0462044,0
12,0.8,0.808013,0.858517,0.0707415,0.01,0.116916,0.00987552,0.00512142,0.0310767,0.0121859,0
12,0.8,0.808013,0.858517,0.0707415,0.02,0.231285,0.0188112,0.0140038,0.0849749,0.0236735,0
12,0.8,0.808013,0.858517,0.0707415,0.05,0.537211,0.0429218,0.0296904,0.180161,0.052586,0
12,0.9,0.784015,0.831501,0.0842493,0.01,0.122152,0.0102912,0.00597091,0.029465,0.0136904,2.22045e-16
12,0.9,0.784015,0.831501,0.0842493,0.02,0.241642,0.0193213,0.0167991,0.0828997,0.0265737,2.22045e-16
12,0.9,0.784015,0.831501,0.0842493,0.05,0.561268,0.0458406,0.0350079,0.172756,0.0589519,2.22045e-16
12,1,0.760016,0.799992,0.100004,0.01,0.12636,0.0123133,0.00940115,0.0376026,0.0151913,0
12,1,0.760016,0.799992,0.100004,0.02,0.249967,0.0201512,0.0206168,0.0824627,0.0294648,0
12,1,0.760016,0.799992,0.100004,0.05,0.580604,0.0477934,0.0408785,0.163505,0.065315,0
12,1.1,0.736018,0.767678,0.116161,0.01,0.12977,0.0158721,0.0137274,0.0453606,0.0166888,2.22045e-16
12,1.1,0.736018,0.767678,0.116161,0.02,0.256712,0.0204696,0.0247195,0.0816825,0.0323482,2.22045e-16
12,1.1,0.736018,0.767678,0.116161,0.05,0.596271,0.0494907,0.0464805,0.153589,0.0716879,2.22045e-16
12,1.2,0.71202,0.736695,0.131652,0.01,0.132556,0.0179052,0.0164869,0.0461284,0.0181831,4.44089e-16
12,1.2,0.71202,0.736695,0.131652,0.02,0.262224,0.0217109,0.0284663,0.0796455,0.0352249,4.44089e-16
12,1.2,0.71202,0.736695,0.131652,0.05,0.609074,0.051126,0.0525856,0.147128,0.0780838,4.44089e-16
12,1.3,0.688021,0.708116,0.145942,0.01,0.134854,0.0182612,0.0177583,0.043082,0.0196742,2.22045e-16
12,1.3,0.688021,0.708116,0.145942,0.02,0.266768,0.022667,0.0311879,0.0756626,0.0380961,2.22045e-16
12,1.3,0.688021,0.708116,0.145942,0.05,0.61963,0.0529786,0.0589957,0.143125,0.0845159,2.22045e-16
12,1.4,0.664023,0.681672,0.159164,0.01,0.136764,0.0183091,0.0184603,0.0395312,0.0211624,2.22045e-16
12,1.4,0.664023,0.681672,0.159164,0.02,0.270547,0.0238966,0.0339463,0.072693,0.0409632,2.22045e-16
12,1.4,0.664023,0.681672,0.159164,0.05,0.628407,0.0549301,0.0650947,0.139395,0.0909977,2.22045e-16
12,1.5,0.640025,0.656023,0.171988,0.01,0.138366,0.0192038,0.020103,0.03834,0.0226478,4.44089e-16
12,1.5,0.640025,0.656023,0.171988,0.02,0.273716,0.0251188,0.0370227,0.0706089,0.0438272,4.44089e-16
12,1.5,0.640025,0.656023,0.171988,0.05,0.635767,0.0564579,0.0711615,0.135717,0.0975431,4.44089e-16
12,1.6,0.616026,0.630534,0.184733,0.01,0.139719,0.0211156,0.0225559,0.038494,0.0241307,2.22045e-16
12,1.6,0.616026,0.630534,0.184733,0.02,0.276393,0.0265173,0.0403227,0.068815,0.0466893,2.22045e-16
12,1.6,0.616026,0.630534,0.184733,0.05,0.641986,0.0575106,0.0773173,0.13195,0.104167,2.22045e-16
12,1.7,0.592028,0.606801,0.196599,0.01,0.140872,0.022061,0.0243018,0.0375036,0.025611,4.44089e-16
12,1.7,0.592028,0.606801,0.196599,0.02,0.278673,0.0277724,0.043243,0.0667345,0.0495508,4.44089e-16
12,1.7,0.592028,0.606801,0.196599,0.05,0.647282,0.0585383,0.0835709,0.12897,0.110883,4.44089e-16
12,1.8,0.56803,0.583351,0.208324,0.01,0.14186,0.0227638,0.0258292,0.0361635,0.0270891,2.22045e-16
12,1.8,0.56803,0.583351,0.208324,0.02,0.280628,0.0287699,0.0461635,0.0646337,0.0524128,2.22045e-16
12,1.8,0.56803,0.583351,0.208324,0.05,0.651822,0.0593651,0.0897376,0.125642,0.117709,2.22045e-16
12,1.9,0.544031,0.561265,0.219368,0.01,0.142712,0.0232033,0.0271846,0.0347766,0.0285651,2.22045e-16
12,1.9,0.544031,0.561265,0.219368,0.02,0.282315,0.0294751,0.0488988,0.0625552,0.0552765,2.22045e-16
12,1.9,0.544031,0.561265,0.219368,0.05,0.65574,0.0600971,0.0960542,0.12288,0.124659,2.22045e-16
12,2,0.520033,0.540666,0.229667,0.01,0.143453,0.0236217,0.028569,0.0336276,0.0300391,2.22045e-16
12,2,0.520033,0.540666,0.229667,0.02,0.283779,0.0300545,0.0516425,0.0607867,0.0581433,2.22045e-16
12,2,0.520033,0.540666,0.229667,0.05,0.659141,0.0609344,0.102087,0.120163,0.131753,2.22045e-16
12,2.1,0.496034,0.520956,0.239522,0.01,0.144099,0.0243793,0.0303564,0.0330124,0.0315113,2.22045e-16
12,2.1,0.496034,0.520956,0.239522,0.02,0.285058,0.0306087,0.054561,0.0593346,0.0610142,2.22045e-16
12,2.1,0.496034,0.520956,0.239522,0.05,0.662111,0.0615596,0.108173,0.117637,0.139009,2.22045e-16
12,2.2,0.472036,0.502254,0.248873,0.01,0.144666,0.0247302,0.0316789,0.0319658,0.0329819,4.44089e-16
12,2.2,0.472036,0.502254,0.248873,0.02,0.28618,0.0315457,0.0575717,0.058093,0.0638906,4.44089e-16
12,2.2,0.472036,0.502254,0.248873,0.05,0.664718,0.0619784,0.114241,0.115276,0.146446,4.44089e-16
12,2.3,0.448038,0.48465,0.257675,0.01,0.145167,0.0246676,0.0327865,0.0308333,0.034451,0
12,2.3,0.448038,0.48465,0.257675,0.02,0.28717,0.0318141,0.0601096,0.0565288,0.0667736,0
12,2.3,0.448038,0.48465,0.257675,0.05,0.667017,0.062397,0.1205,0.113322,0.154087,0
12,2.4,0.424039,0.467546,0.266227,0.01,0.145611,0.0247981,0.0341216,0.0299621,0.0359187,2.22045e-16
12,2.4,0.424039,0.467546,0.266227,0.02,0.288047,0.0321022,0.062841,0.0551806,0.0696645,2.22045e-16
12,2.4,0.424039,0.467546,0.266227,0.05,0.669055,0.0627698,0.126597,0.111164,0.161954,2.22045e-16
12,2.5,0.400041,0.451377,0.274311,0.01,0.146005,0.0249888,0.0354873,0.029197,0.0373853,0
12,2.5,0.400041,0.451377,0.274311,0.02,0.288828,0.0324585,0.0657328,0.0540813,0.0725647,0
12,2.5,0.400041,0.451377,0.274311,0.05,0.670869,0.062957,0.132688,0.109169,0.170072,0
12,2.6,0.376043,0.435951,0.282024,0.01,0.146358,0.0248936,0.0366665,0.0283394,0.038851,0
12,2.6,0.376043,0.435951,0.282024,0.02,0.289526,0.0328875,0.0685985,0.0530195,0.0754754,0
12,2.6,0.376043,0.435951,0.282024,0.05,0.672491,0.0630368,0.138791,0.107271,0.17847,0
12,2.7,0.352044,0.42121,0.289395,0.01,0.146675,0.0249569,0.038093,0.027722,0.0403157,0
12,2.7,0.352044,0.42121,0.289395,0.02,0.290153,0.0329492,0.0713365,0.0519147,0.0783978,0
12,2.7,0.352044,0.42121,0.289395,0.05,0.673945,0.0631468,0.14501,0.10553,0.187177,0
12,2.8,0.328046,0.407193,0.296403,0.01,0.14696,0.0248477,0.0393225,0.0270102,0.0417799,2.22045e-16
12,2.8,0.328046,0.407193,0.296403,0.02,0.290716,0.0330746,0.074119,0.0509116,0.0813334,2.22045e-16
12,2.8,0.328046,0.407193,0.296403,0.05,0.675254,0.0631178,0.151137,0.103815,0.196225,2.22045e-16
12,2.9,0.304048,0.393527,0.303237,0.01,0.147217,0.0246071,0.0405105,0.0262864,0.0432435,2.22045e-16
12,2.9,0.304048,0.393527,0.303237,0.02,0.291225,0.0331816,0.077103,0.0500305,0.0842836,2.22045e-16
12,2.9,0.304048,0.393527,0.303237,0.05,0.676437,0.0630275,0.157374,0.102116,0.205652,2.22045e-16
12,3,0.280049,0.380409,0.309795,0.01,0.14745,0.0244856,0.0418948,0.0257221,0.0447067,6.66134e-16
12,3,0.280049,0.380409,0.309795,0.02,0.291687,0.0331667,0.0801332,0.0491993,0.0872496,6.66134e-16
12,3,0.280049,0.380409,0.309795,0.05,0.677509,0.0629547,0.163697,0.100505,0.215498,6.66134e-16
16,0.3,0.928005,0.96813,0.0159348,0.01,0.0783623,0.00552568,0.00233487,0.0709287,0.00604989,2.22045e-16
16,0.3,0.928005,0.96813,0.0159348,0.02,0.155013,0.0125637,0.00464514,0.14111,0.0118087,2.22045e-16
16,0.3,0.928005,0.96813,0.0159348,0.05,0.359986,0.0253896,0.00729581,0.221632,0.0265165,2.22045e-16
16,0.4,0.904007,0.928311,0.0358443,0.01,0.0950556,0.00706454,0.00314151,0.0406801,0.00805149,2.22045e-16
16,0.4,0.904007,0.928311,0.0358443,0.02,0.188034,0.0166573,0.00937489,0.121397,0.0156918,2.22045e-16
16,0.4,0.904007,0.928311,0.0358443,0.05,0.436673,0.0325383,0.0166261,0.215294,0.0350946,2.22045e-16
16,0.5,0.880008,0.891638,0.0541809,0.01,0.107506,0.00848182,0.00398996,0.0328308,0.0100462,3.33067e-16
16,0.5,0.880008,0.891638,0.0541809,0.02,0.212663,0.0172036,0.0107179,0.0881909,0.0195532,3.33067e-16
16,0.5,0.880008,0.891638,0.0541809,0.05,0.493868,0.0373755,0.0229592,0.188917,0.0435942,3.33067e-16
16,0.6,0.85601,0.857753,0.0711237,0.01,0.116717,0.00979138,0.00488713,0.0294695,0.0120345,0
16,0.6,0.85601,0.857753,0.0711237,0.02,0.230885,0.0183392,0.0142044,0.0856529,0.0233956,0
16,0.6,0.85601,0.857753,0.0711237,0.05,0.536185,0.0418728,0.0298868,0.180218,0.0520453,0
16,0.7,0.832011,0.821692,0.089154,0.01,0.123565,0.0104398,0.0071728,0.0330542,0.0140167,2.22045e-16
16,0.7,0.832011,0.821692,0.089154,0.02,0.24443,0.019096,0.0181854,0.0838033,0.0272219,2.22045e-16
16,0.7,0.832011,0.821692,0.089154,0.05,0.56764,0.0456414,0.037089,0.170916,0.0604776,2.22045e-16
16,0.8,0.808013,0.778827,0.110587,0.01,0.128712,0.0139702,0.012003,0.0422666,0.0159931,2.22045e-16
16,0.8,0.808013,0.778827,0.110587,0.02,0.254612,0.0197371,0.023429,0.0825016,0.0310348,2.22045e-16
16,0.8,0.808013,0.778827,0.110587,0.05,0.591287,0.0477449,0.044746,0.157566,0.0689209,2.22045e-16
16,0.9,0.784015,0.73693,0.131535,0.01,0.132637,0.0173686,0.0166207,0.0465592,0.0179643,0
16,0.9,0.784015,0.73693,0.131535,0.02,0.262377,0.0207939,0.0286231,0.0801811,0.0348372,0
16,0.9,0.784015,0.73693,0.131535,0.05,0.609319,0.0498976,0.0525674,0.147256,0.0774057,0
16,1,0.760016,0.699311,0.150344,0.01,0.135676,0.0174829,0.0180748,0.0420367,0.0199304,3.33067e-16
16,1,0.760016,0.699311,0.150344,0.02,0.268388,0.0222986,0.032218,0.0749294,0.0386318,3.33067e-16
16,1,0.760016,0.699311,0.150344,0.05,0.623279,0.0522654,0.0611504,0.142217,0.0859628,3.33067e-16
16,1.1,0.736018,0.665292,0.167354,0.01,0.138064,0.0177348,0.0191095,0.0379836,0.0218921,0
16,1.1,0.736018,0.665292,0.167354,0.02,0.273111,0.0241639,0.0362625,0.0720781,0.0424214,0
16,1.1,0.736018,0.665292,0.167354,0.05,0.634248,0.0547843,0.0691731,0.137494,0.0946244,0
16,1.2,0.71202,0.630866,0.184567,0.01,0.139967,0.020287,0.0226618,0.03873,0.0238495,0
16,1.2,0.71202,0.630866,0.184567,0.02,0.276876,0.0254425,0.0404552,0.0691396,0.0462088,0
16,1.2,0.71202,0.630866,0.184567,0.05,0.64299,0.0561944,0.0772347,0.131997,0.103424,0
16,1.3,0.688021,0.599771,0.200115,0.01,0.141503,0.0214254,0.024853,0.0372439,0.0258031,0
16,1.3,0.688021,0.599771,0.200115,0.02,0.279915,0.027117,0.0443059,0.0663953,0.0499967,0
16,1.3,0.688021,0.599771,0.200115,0.05,0.650049,0.0574882,0.0855074,0.128139,0.112397,0
16,1.4,0.664023,0.569627,0.215186,0.01,0.142759,0.0221912,0.0268389,0.0355232,0.0277533,0
16,1.4,0.664023,0.569627,0.215186,0.02,0.2824,0.0282672,0.0481023,0.0636666,0.0537879,0
16,1.4,0.664023,0.569627,0.215186,0.05,0.655819,0.0585491,0.0936641,0.123971,0.121581,0
16,1.5,0.640025,0.541942,0.229029,0.01,0.143797,0.0225267,0.0285206,0.0337436,0.0297004,0
16,1.5,0.640025,0.541942,0.229029,0.02,0.284453,0.0290377,0.0516722,0.061135,0.0575853,0
16,1.5,0.640025,0.541942,0.229029,0.05,0.660587,0.0596307,0.10179,0.120431,0.131018,0
16,1.6,0.616026,0.516265,0.241868,0.01,0.144664,0.023114,0.0306,0.0326577,0.0316448,0
16,1.6,0.616026,0.516265,0.241868,0.02,0.286167,0.029646,0.0553465,0.0590684,0.0613917,0
16,1.6,0.616026,0.516265,0.241868,0.05,0.664568,0.0606029,0.109703,0.11708,0.14075,0
16,1.7,0.592028,0.492343,0.253828,0.01,0.145394,0.0236566,0.0324711,0.0314916,0.0335868,0
16,1.7,0.592028,0.492343,0.253828,0.02,0.287612,0.0306139,0.0592954,0.0575068,0.06521,0
16,1.7,0.592028,0.492343,0.253828,0.05,0.667922,0.0612265,0.117707,0.114156,0.150828,0
16,1.8,0.56803,0.470134,0.264933,0.01,0.146015,0.0234546,0.0339303,0.0301054,0.035527,3.33067e-16
16,1.8,0.56803,0.470134,0.264933,0.02,0.288839,0.030998,0.0627261,0.0556551,0.0690431,3.33067e-16
16,1.8,0.56803,0.470134,0.264933,0.05,0.670773,0.0617471,0.125925,0.11173,0.161304,3.33067e-16
16,1.9,0.544031,0.448895,0.275552,0.01,0.146546,0.0235868,0.0358182,0.0291753,0.0374655,2.22045e-16
16,1.9,0.544031,0.448895,0.275552,0.02,0.28989,0.0312899,0.0664144,0.0540971,0.072894,2.22045e-16
16,1.9,0.544031,0.448895,0.275552,0.05,0.673214,0.0621726,0.133961,0.109116,0.172237,2.22045e-16
16,2,0.520033,0.429211,0.285395,0.01,0.147004,0.0236214,0.0374973,0.0281965,0.0394028,2.22045e-16
16,2,0.520033,0.429211,0.285395,0.02,0.290797,0.0317339,0.0702605,0.0528331,0.0767658,2.22045e-16
16,2,0.520033,0.429211,0.285395,0.05,0.675319,0.0623343,0.141945,0.106737,0.183697,2.22045e-16
16,2.1,0.496034,0.410708,0.294646,0.01,0.147402,0.0235393,0.0392488,0.0273545,0.0413394,2.22045e-16
16,2.1,0.496034,0.410708,0.294646,0.02,0.291584,0.0320105,0.0739456,0.0515364,0.0806616,2.22045e-16
16,2.1,0.496034,0.410708,0.294646,0.05,0.677147,0.0624928,0.150019,0.104556,0.195757,2.22045e-16
16,2.2,0.472036,0.393338,0.303331,0.01,0.14775,0.0234249,0.0410553,0.0266188,0.0432754,0
16,2.2,0.472036,0.393338,0.303331,0.02,0.292271,0.0320702,0.0775959,0.0503105,0.0845845,0
16,2.2,0.472036,0.393338,0.303331,0.05,0.678743,0.0625793,0.158074,0.10249,0.208505,0
16,2.3,0.448038,0.376852,0.311574,0.01,0.148055,0.0231007,0.0426796,0.0258107,0.0452114,3.33067e-16
16,2.3,0.448038,0.376852,0.311574,0.02,0.292875,0.0321844,0.081448,0.0492561,0.0885377,3.33067e-16
16,2.3,0.448038,0.376852,0.311574,0.05,0.680145,0.0624826,0.166145,0.100477,0.222042,3.33067e-16
16,2.4,0.424039,0.36115,0.319425,0.01,0.148324,0.0229287,0.0445491,0.0251841,0.0471477,0
16,2.4,0.424039,0.36115,0.319425,0.02,0.293408,0.0320505,0.0853871,0.0482704,0.0925247,0
16,2.4,0.424039,0.36115,0.319425,0.05,0.681383,0.0623914,0.17441,0.0985962,0.236482,0
16,2.5,0.400041,0.34635,0.326825,0.01,0.148563,0.022608,0.0462851,0.0245251,0.0490847,0
16,2.5,0.400041,0.34635,0.326825,0.02,0.293881,0.0320144,0.0892631,0.0472979,0.0965489,0
16,2.5,0.400041,0.34635,0.326825,0.05,0.68248,0.0622,0.182552,0.096729,0.251962,0
16,2.6,0.376043,0.33244,0.33378,0.01,0.148776,0.0224289,0.0481753,0.023991,0.0510227,2.22045e-16
16,2.6,0.376043,0.33244,0.33378,0.02,0.294302,0.0319576,0.0929114,0.0462692,0.100614,2.22045e-16
16,2.6,0.376043,0.33244,0.33378,0.05,0.683458,0.061793,0.190843,0.0950384,0.268641,2.22045e-16
16,2.7,0.352044,0.31946,0.34027,0.01,0.148967,0.0221454,0.0501253,0.0235299,0.0529622,2.22045e-16
16,2.7,0.352044,0.31946,0.34027,0.02,0.294678,0.0318824,0.0964437,0.0452727,0.104723,2.22045e-16
16,2.7,0.352044,0.31946,0.34027,0.05,0.684333,0.0613182,0.199185,0.0935014,0.286711,2.22045e-16
16,2.8,0.328046,0.307349,0.346325,0.01,0.149138,0.0218761,0.051974,0.0230624,0.0549035,0
16,2.8,0.328046,0.307349,0.346325,0.02,0.295017,0.0317925,0.100161,0.0444444,0.108881,0
16,2.8,0.328046,0.307349,0.346325,0.05,0.685119,0.0609723,0.207371,0.0920166,0.306398,0
16,2.9,0.304048,0.296123,0.351938,0.01,0.149292,0.02162,0.0537301,0.0226044,0.056847,2.22045e-16
16,2.9,0.304048,0.296123,0.351938,0.02,0.295322,0.0317794,0.103931,0.0437239,0.11309,2.22045e-16
16,2.9,0.304048,0.296123,0.351938,0.05,0.685827,0.0606942,0.215453,0.0906419,0.327983,2.22045e-16
16,3,0.280049,0.285612,0.357194,0.01,0.149431,0.0213265,0.0555843,0.0222226,0.0587932,3.33067e-16
16,3,0.280049,0.285612,0.357194,0.02,0.295597,0.0317076,0.10763,0.0430303,0.117356,3.33067e-16
16,3,0.280049,0.285612,0.357194,0.05,0.686467,0.060384,0.22361,0.0893992,0.351806,3.33067e-16
